position,pdb_residue_number,wt_residue,ca_to_fad_n5_A
2,1002,HIS,40.55
3,1003,SER,37.42
4,1004,GLN,37.53
5,1005,LYS,33.79
6,1006,ARG,32.17
7,1007,VAL,28.82
8,1008,VAL,26.71
9,1009,VAL,22.93
10,1010,LEU,21.93
11,1011,GLY,18.48
12,1012,SER,16.9
13,1013,GLY,13.18
14,1014,VAL,11.84
15,1015,ILE,13.76
16,1016,GLY,16.92
17,1017,LEU,16.96
18,1018,SER,16.65
19,1019,SER,19.19
20,1020,ALA,21.42
21,1021,LEU,21.45
22,1022,ILE,22.63
23,1023,LEU,25.14
24,1024,ALA,26.41
25,1025,ARG,26.92
26,1026,LYS,28.9
27,1027,GLY,31.13
28,1028,TYR,30.08
29,1029,SER,30.65
30,1030,VAL,27.33
31,1031,HIS,26.92
32,1032,ILE,23.63
33,1033,LEU,24.05
34,1034,ALA,21.26
35,1035,ARG,21.08
36,1036,ASP,18.1
37,1037,LEU,18.23
38,1038,PRO,16.36
39,1039,GLU,18.49
40,1040,ASP,17.14
41,1041,VAL,14.57
42,1042,SER,14.83
43,1043,SER,15.42
44,1044,GLN,14.1
45,1045,THR,15.64
46,1046,PHE,12.86
47,1047,ALA,9.06
48,1048,SER,8.61
49,1049,PRO,9.43
50,1050,TRP,6.8
51,1051,ALA,3.53
52,1052,GLY,4.04
53,1053,ALA,4.68
54,1054,ASN,6.64
55,1055,TRP,8.84
56,1056,THR,9.22
57,1057,PRO,11.62
58,1058,PHE,11.92
59,1059,MET,15.38
60,1060,THR,18.89
61,1061,LEU,20.7
62,1062,THR,22.93
63,1063,ASP,20.34
64,1064,GLY,18.06
65,1065,PRO,20.31
66,1066,ARG,18.84
67,1067,GLN,15.25
68,1068,ALA,16.73
69,1069,LYS,18.77
70,1070,TRP,16.0
71,1071,GLU,13.86
72,1072,GLU,17.15
73,1073,SER,18.0
74,1074,THR,14.79
75,1075,PHE,15.2
76,1076,LYS,18.71
77,1077,LYS,17.8
78,1078,TRP,15.47
79,1079,VAL,18.37
80,1080,GLU,20.55
81,1081,LEU,18.57
82,1082,VAL,18.92
83,1083,PRO,22.48
84,1084,THR,21.77
85,1085,GLY,18.79
86,1086,HIS,16.12
87,1087,ALA,14.37
88,1088,MET,14.86
89,1089,TRP,15.9
90,1090,LEU,14.49
91,1091,LYS,17.87
92,1092,GLY,18.7
93,1093,THR,15.3
94,1094,ARG,16.22
95,1095,ARG,15.02
96,1096,PHE,16.9
97,1097,ALA,17.8
98,1098,GLN,20.53
99,1099,ASN,22.66
100,1100,GLU,23.25
101,1101,ASP,22.05
102,1102,GLY,18.53
103,1103,LEU,18.58
104,1104,LEU,18.74
105,1105,GLY,22.01
106,1106,HIS,20.6
107,1107,TRP,20.42
108,1108,TYR,18.45
109,1109,LYS,20.86
110,1110,ASP,22.55
111,1111,ILE,19.48
112,1112,THR,17.92
113,1113,PRO,20.95
114,1114,ASN,22.72
115,1115,TYR,21.4
116,1116,ARG,23.49
117,1117,PRO,23.85
118,1118,LEU,23.72
119,1119,PRO,26.82
120,1120,SER,26.68
121,1121,SER,27.6
122,1122,GLU,24.23
123,1123,CYS,22.34
124,1124,PRO,22.22
125,1125,PRO,25.51
126,1126,GLY,25.81
127,1127,ALA,22.5
128,1128,ILE,22.29
129,1129,GLY,20.26
130,1130,VAL,19.75
131,1131,THR,18.98
132,1132,TYR,18.21
133,1133,ASP,17.15
134,1134,THR,13.84
135,1135,LEU,12.3
136,1136,SER,9.72
137,1137,VAL,10.04
138,1138,HIS,10.26
139,1139,ALA,8.41
140,1140,PRO,11.47
141,1141,LYS,13.95
142,1142,TYR,12.93
143,1143,CYS,13.63
144,1144,GLN,16.78
145,1145,TYR,17.76
146,1146,LEU,17.69
147,1147,ALA,19.75
148,1148,ARG,22.28
149,1149,GLU,22.68
150,1150,LEU,23.3
151,1151,GLN,25.83
152,1152,LYS,27.77
153,1153,LEU,28.02
154,1154,GLY,29.46
155,1155,ALA,26.79
156,1156,THR,27.12
157,1157,PHE,25.08
158,1158,GLU,26.23
159,1159,ARG,24.88
160,1160,ARG,25.86
161,1161,THR,24.96
162,1162,VAL,26.34
163,1163,THR,27.92
164,1164,SER,29.74
165,1165,LEU,29.33
166,1166,GLU,32.47
167,1167,GLN,30.99
168,1168,ALA,28.59
169,1169,PHE,31.37
170,1170,ASP,32.7
171,1171,GLY,34.22
172,1172,ALA,32.64
173,1173,ASP,33.35
174,1174,LEU,29.89
175,1175,VAL,26.6
176,1176,VAL,23.06
177,1177,ASN,21.33
178,1178,ALA,17.66
179,1179,THR,17.53
180,1180,GLY,14.61
181,1181,LEU,16.02
182,1182,GLY,19.09
183,1183,ALA,20.56
184,1184,LYS,22.0
185,1185,SER,24.26
186,1186,ILE,25.56
187,1187,ALA,29.06
188,1188,GLY,29.46
189,1189,ILE,25.92
190,1190,ASP,26.03
191,1191,ASP,23.37
192,1192,GLN,23.51
193,1193,ALA,21.02
194,1194,ALA,18.03
195,1195,GLU,16.3
196,1196,PRO,13.53
197,1197,ILE,11.21
198,1198,ARG,10.93
199,1199,GLY,8.31
200,1200,GLN,10.19
201,1201,THR,9.52
202,1202,VAL,12.17
203,1203,LEU,12.18
204,1204,VAL,14.98
205,1205,LYS,17.48
206,1206,SER,18.19
207,1207,PRO,19.41
208,1208,CYS,17.68
209,1209,LYS,16.52
210,1210,ARG,15.9
211,1211,CYS,12.64
212,1212,THR,13.06
213,1213,MET,11.28
214,1214,ASP,13.61
215,1215,SER,14.13
216,1216,SER,17.85
217,1217,ASP,18.42
218,1218,PRO,18.09
219,1219,ALA,18.95
220,1220,SER,16.24
221,1221,PRO,12.63
222,1222,ALA,11.75
223,1223,TYR,9.75
224,1224,ILE,10.57
225,1225,ILE,8.7
226,1226,PRO,11.34
227,1227,ARG,11.09
228,1228,PRO,14.2
229,1229,GLY,16.33
230,1230,GLY,17.22
231,1231,GLU,14.25
232,1232,VAL,11.88
233,1233,ILE,8.94
234,1234,CYS,10.25
235,1235,GLY,8.98
236,1236,GLY,9.32
237,1237,THR,10.52
238,1238,TYR,10.63
239,1239,GLY,13.55
240,1240,VAL,14.83
241,1241,GLY,17.01
242,1242,ASP,16.46
243,1243,TRP,16.74
244,1244,ASP,17.34
245,1245,LEU,16.16
246,1246,SER,17.98
247,1247,VAL,16.99
248,1248,ASN,18.32
249,1249,PRO,20.22
250,1250,GLU,20.64
251,1251,THR,16.87
252,1252,VAL,16.87
253,1253,GLN,19.58
254,1254,ARG,18.12
255,1255,ILE,14.81
256,1256,LEU,16.88
257,1257,LYS,19.61
258,1258,HIS,17.57
259,1259,CYS,15.6
260,1260,LEU,19.1
261,1261,ARG,20.55
262,1262,LEU,18.14
263,1263,ASP,18.81
264,1264,PRO,21.35
265,1265,THR,20.93
266,1266,ILE,18.09
267,1267,SER,21.26
268,1268,SER,24.46
269,1269,ASP,26.64
270,1270,GLY,24.57
271,1271,THR,24.82
272,1272,ILE,22.63
273,1273,GLU,24.95
274,1274,GLY,24.3
275,1275,ILE,20.59
276,1276,GLU,20.42
277,1277,VAL,18.24
278,1278,LEU,17.27
279,1279,ARG,15.52
280,1280,HIS,14.48
281,1281,ASN,11.73
282,1282,VAL,11.28
283,1283,GLY,9.53
284,1284,LEU,10.45
285,1285,ARG,8.49
286,1286,PRO,11.47
287,1287,ALA,12.68
288,1288,ARG,16.28
289,1289,ARG,18.8
290,1290,GLY,20.11
291,1291,GLY,16.95
292,1292,PRO,16.04
293,1293,ARG,19.16
294,1294,VAL,20.32
295,1295,GLU,24.08
296,1296,ALA,26.96
297,1297,GLU,29.22
298,1298,ARG,32.59
299,1299,ILE,33.37
300,1300,VAL,36.54
301,1301,LEU,36.67
302,1302,PRO,37.72
303,1303,LEU,35.83
304,1304,ASP,38.05
305,1305,ARG,37.52
306,1306,THR,38.0
307,1307,LYS,34.73
308,1308,SER,32.71
309,1309,PRO,33.38
310,1310,LEU,31.87
311,1311,SER,34.18
312,1312,LEU,35.86
313,1313,GLY,39.64
314,1314,ARG,42.05
315,1315,GLY,41.32
316,1316,SER,44.96
317,1317,ALA,43.97
318,1318,ARG,43.54
319,1319,ALA,45.38
320,1320,ALA,44.42
321,1321,LYS,43.98
322,1322,GLU,41.64
323,1323,LYS,39.54
324,1324,GLU,37.14
325,1325,VAL,33.83
326,1326,THR,30.8
327,1327,LEU,27.34
328,1328,VAL,24.58
329,1329,HIS,21.63
330,1330,ALA,18.04
331,1331,TYR,15.72
332,1332,GLY,14.0
333,1333,PHE,11.06
334,1334,SER,9.18
335,1335,SER,5.95
336,1336,ALA,7.02
337,1337,GLY,8.22
338,1338,TYR,7.65
339,1339,GLN,8.95
340,1340,GLN,11.58
341,1341,SER,12.44
342,1342,TRP,15.54
343,1343,GLY,17.09
344,1344,ALA,16.61
345,1345,ALA,18.23
346,1346,GLU,20.99
347,1347,ASP,21.75
348,1348,VAL,21.85
349,1349,ALA,24.25
350,1350,GLN,26.38
351,1351,LEU,26.77
352,1352,VAL,27.78
353,1353,ASP,30.32
354,1354,GLU,31.73
355,1355,ALA,32.02
356,1356,PHE,33.74
357,1357,GLN,36.21
358,1358,ARG,37.0
359,1359,TYR,36.97
360,1360,HIS,36.88
361,1361,GLY,39.81
